Restaurant_name,Restaurant_location,Restaurant_cuisine,Restaurant_score,Number_of_reviews
Taleh Thai,Prenzlauer Berg,Thai Restaurant,5.0,360.0
The Reed,Mitte,Contemporary Restaurant,5.5,397.0
GOLVET,Tiergarten,International Restaurant,5.9,68.0
El Colmado,Mitte,Spanish Restaurant,5.5,111.0
Vineria del Este,Friedrichshain,Spanish Restaurant,5.7,166.0
Delizie D'Italia,Prenzlauer Berg,Italian Restaurant,5.0,135.0
Ha-An,Prenzlauer Berg,Vietnamese Restaurant,5.5,369.0
Mogg,Mitte,American Restaurant,5.5,323.0
Feel Seoul Good,Pankow,Asian Restaurant,5.5,114.0
Mitho Cha! P-Berg,Prenzlauer Berg,Asian Restaurant,5.5,131.0
Osteria Fiorello,Prenzlauer Berg,Italian Restaurant,5.0,75.0
SOY Berlin Mitte,Mitte,Vietnamese Restaurant,5.4,229.0
kopps Restaurant,Mitte,Vegan Option,5.4,939.0
India Club Berlin,Mitte,Indian Restaurant,5.4,134.0
Anjoy,Prenzlauer Berg,Vietnamese Restaurant,5.4,162.0
Bonfini,Mitte,Italian Restaurant,5.4,251.0
Vedi's Indisches Restaurant & Cocktailbar,Prenzlauer Berg,Indian Restaurant,5.7,62.0
Yumcha Heroes,Mitte,Asian Restaurant,5.3,718.0
Mirami Restaurant,Kreuzberg,Vietnamese Restaurant,5.4,158.0
DDR Speisegäststätte Pionierlager,Friedrichshain,German Restaurant,5.4,87.0
A Cabana,Prenzlauer Berg,Portuguese Restaurant,5.4,106.0
gärtnerei. restaurant & bar,Mitte,German Restaurant,5.3,199.0
Tbilisi,Prenzlauer Berg,Georgian Restaurant,5.5,252.0
GaYaYa,Mitte,Asian Fusion Restaurant,5.3,84.0
Masel Topf,Prenzlauer Berg,Israeli Restaurant,5.3,781.0
Good Morning Vietnam,Kreuzberg,Vietnamese Restaurant,5.5,93.0
BurgerAMT,Friedrichshain,Burgers,5.5,117.0
Ständige Vertretung (StäV),Mitte,German Restaurant,5.3,301.0
Restaurant Asador,Kreuzberg,Steak Restaurant,5.3,465.0
Lindenbräu am Potsdamer Platz,Tiergarten,German Restaurant,5.3,343.0
Ristorante Cinque,Mitte,Italian Restaurant,5.3,169.0
Café Anna Blume,Prenzlauer Berg,Cake & Coffee,5.3,639.0
Trattoria Felice,Prenzlauer Berg,Italian Restaurant,5.3,315.0
Restaurant Defne,Kreuzberg,Turkish Restaurant,5.3,104.0
Meyan Süßholz,Schöneberg,Mediterranean Restaurant,5.5,122.0
Kurhaus Korsakow,Friedrichshain,German Restaurant,5.4,728.0
Roji - Godai no Sekai,Prenzlauer Berg,Japanese Restaurant,5.7,48.0
Grindhouse Homemade Burgers,Prenzlauer Berg,Burgers,5.2,490.0
Restaurant Van-Long,Mitte,Asian Restaurant,5.2,96.0
CôWei,Kreuzberg,Asian Fusion Restaurant,5.2,69.0
Pho Co Restaurant,Mitte,Vietnamese Restaurant,5.0,47.0
Ristorante Roma Pizzeria,Mitte,Italian Restaurant,5.2,81.0
Nuovo Firenze,Mitte,Italian Restaurant,5.3,66.0
Golden Rice,Mitte,Asian Restaurant,5.2,74.0
LimaLima,Charlottenburg,Italian Restaurant,5.7,124.0
Sorriso Ristorante Italiano,Tiergarten,Italian Restaurant,5.5,65.0
Ristorante Tra di Noi,Tiergarten,Italian Restaurant,5.4,69.0
Aida Ristorante,Charlottenburg,Italian Restaurant,5.7,114.0
Belmondo,Charlottenburg,French Restaurant,5.0,397.0
Palm Beach Mitte,Mitte,Drinks,5.1,101.0
Tres Tapas,Prenzlauer Berg,Spanish Restaurant,5.2,130.0
Restaurant PARIS-MOSKAU,Moabit,International Restaurant,5.2,91.0
Kushinoya,Charlottenburg,Japanese Restaurant,5.7,189.0
The Bird,Prenzlauer Berg,Burgers,5.2,1109.0
Winterfeld,Schöneberg,Italian Restaurant,5.3,127.0
Mamma Monti,Charlottenburg,Italian Restaurant,5.0,90.0
MOKKABAR,Kreuzberg,International Restaurant,5.2,193.0
Mama Cook,Kreuzberg,Vietnamese Restaurant,5.2,75.0
Cafe Sowohl Als Auch,Prenzlauer Berg,Cake & Coffee,5.2,74.0
Chicha,Neukölln,Latin American Restaurant,5.2,499.0
Taverna Hellas Wedding,Wedding,Greek Restaurant,5.5,80.0
Belle Alliance,Kreuzberg,International Restaurant,5.3,70.0
Machiavelli Cafe Bar Restaurant,Mitte,Italian Restaurant,5.1,78.0
Ausspanne,Prenzlauer Berg,German Restaurant,5.0,45.0
Via Nova 2,Mitte,Italian Restaurant,5.0,115.0
Ristorante Café Aroma,Schöneberg,Italian Restaurant,5.3,73.0
Zensation,Friedrichshain,Asian Restaurant,5.0,51.0
Osteria Caruso,Kreuzberg,Italian Restaurant,5.1,378.0
Jolesch,Kreuzberg,International Restaurant,5.0,342.0
Kreuzberger Himmel,Kreuzberg,Syrian Restaurant,5.1,584.0
No Bananas,Kreuzberg,European Restaurant,5.5,50.0
Fire Tiger,Friedrichshain,Asian Restaurant,5.2,64.0
Vivolo Olé,Mitte,Spanish Restaurant,5.0,75.0
Tischlein Deck Dich,Tiergarten,German Restaurant,5.5,49.0
Namaste,Wilmersdorf,Indian Restaurant,5.5,111.0
Augustiner am Gendarmenmarkt,Mitte,German Restaurant,4.9,141.0
Barce Lona,Kreuzberg,Spanish Restaurant,4.9,121.0
Berliner Republik - Brokers Bierbörse,Mitte,German Restaurant,4.9,609.0
Restaurant Hamlet,Wilmersdorf,German Restaurant,5.5,408.0
Bariton,Friedrichshain,Mexican Restaurant,5.1,126.0
Restaurant Attila,Tempelhof,International Restaurant,5.7,310.0
Shikgoo,Wedding,Korean Restaurant,5.2,75.0
Tomasa Villa Kreuzberg,Kreuzberg,European Restaurant,5.2,68.0
I-KE-SU,Wilmersdorf,Sushi,5.4,107.0
Moc,Prenzlauer Berg,Asian Restaurant,5.4,47.0
Samowar,Charlottenburg,Russian Restaurant,5.7,269.0
Enoteca L'Angolino,Charlottenburg,Italian Restaurant,5.3,121.0
Wartesaal,Charlottenburg,Pizza,5.3,580.0
Eden Restaurant Hackescher Markt,Mitte,Vietnamese Restaurant,5.1,50.0
Lychee Restaurant & Bar,Wilmersdorf,Chinese Restaurant,5.5,167.0
Ristorante Focaccino,Charlottenburg,Italian Restaurant,5.7,145.0
AndaLucia,Charlottenburg,Spanish Restaurant,5.3,166.0
Zen Ku'damm I,Charlottenburg,Asian Restaurant,5.3,717.0
Don Quijote,Charlottenburg,Spanish Restaurant,5.4,102.0
Grand Cafe Saint Germain,Charlottenburg,French Restaurant,5.5,60.0
Restaurant Dicke Wirtin,Charlottenburg,European Restaurant,5.5,61.0
Ristorante Don Camillo  - Charlottenburg,Charlottenburg,Italian Restaurant,5.7,488.0
Suksan,Schöneberg,Thai Restaurant,5.1,204.0
Restaurant Jalla Jalla,Prenzlauer Berg,Lebanese Restaurant,5.4,45.0
Roji - Taste of Japan,Pankow,Japanese Restaurant,5.4,59.0
Restaurant Esszimmer,Mitte,International Restaurant,5.5,41.0
Restaurant Al Mundo,Charlottenburg,International Restaurant,5.7,98.0
Chay Village Friedrichshain,Friedrichshain,Vegetarian Option,5.3,46.0
Bruderherz,Charlottenburg,Italian Restaurant,5.0,168.0
Freischwimmer,Kreuzberg,European Restaurant,4.8,821.0
Restaurant Bellucci,Wilmersdorf,Italian Restaurant,5.4,331.0
Marooush Restaurant (Non-Smoker),Charlottenburg,Arabic Restaurant,5.2,572.0
Tian-Fu Berliner Strasse,Wilmersdorf,Chinese Restaurant,5.3,92.0
Black & White,Charlottenburg,Turkish Restaurant,5.1,201.0
Lamazère Brasserie,Charlottenburg,French Restaurant,5.5,1027.0
George's Steakhouse,Wilmersdorf,Steak Restaurant,5.5,51.0
Stock und Stein,Friedrichshain,Steak Restaurant,5.7,37.0
Hopfingerbräu am Brandenburger Tor,Mitte,International Restaurant,5.3,38.0
The My Moon,Reinickendorf,Turkish Restaurant,5.3,100.0
Italofritzen Daily & Restaurant,Mitte,Italian Restaurant,4.5,139.0
THE MEAT,Halensee,International Restaurant,5.4,400.0
MANZINI,Wilmersdorf,International Restaurant,5.2,63.0
LET's GO SYLT,Charlottenburg,German Restaurant,5.0,154.0
Restaurant Tugra,Charlottenburg,Turkish Restaurant,5.4,258.0
Creasian,Mitte,Asian Restaurant,5.1,38.0
Ach! Niko Ach!,Halensee,Greek Restaurant,5.4,529.0
Berliner Kartoffelhaus,Mitte,German Restaurant,5.0,38.0
Restaurant Weiss,Charlottenburg,German Restaurant,5.2,63.0
Osteria Culaccino,Charlottenburg,Italian Restaurant,5.4,47.0
Ristorante Romero,Charlottenburg,Italian Restaurant,5.5,41.0
Schah en Schah,Charlottenburg,Arabic Restaurant,5.0,43.0
ROCCO Charlottenburg,Charlottenburg,Mediterranean Restaurant,5.3,244.0
Maharadscha,Schöneberg,Indian Restaurant,5.4,39.0
Hanoi Deli Kurfürstendamm,Wilmersdorf,Vietnamese Restaurant,5.3,61.0
SodaZitron,Prenzlauer Berg,Austrian Restaurant,5.4,32.0
Rüdiger's,Schöneberg,Austrian Restaurant,5.3,40.0
Marjellchen,Charlottenburg,German Restaurant,5.5,41.0
Restaurant Louis Laurent,Charlottenburg,French Restaurant,5.3,48.0
1987 xigon,Charlottenburg,Asian Fusion Restaurant,5.0,34.0
Restauration 1840,Mitte,German Restaurant,5.0,33.0
Restaurant Split,Kreuzberg,Croatian Restaurant,5.0,28.0
Calcutta,Charlottenburg,Indian Restaurant,5.5,38.0
1687 Restaurant & Cafe,Mitte,Gourmet Restaurant,5.4,27.0
Mondo Pazzo,Charlottenburg,Italian Restaurant,5.2,43.0
Oishinbo,Prenzlauer Berg,Japanese Restaurant,5.0,32.0
Steak-Company,Pankow,Steak Restaurant,4.9,44.0
Gaststätte Deichgraf,Wedding,German Restaurant,5.3,31.0
Bolte's Berliner Steakhaus,Mitte,Steak Restaurant,5.1,27.0
La Vong,Prenzlauer Berg,Asian Restaurant,5.5,26.0
What a Treat,Kreuzberg,International Restaurant,5.5,26.0
Varga Hennecke,Prenzlauer Berg,German Restaurant,5.2,27.0
Zsa Zsa Burger,Schöneberg,Burgers,5.5,29.0
Erdinger am Gendarmenmarkt,Mitte,European Restaurant,5.1,26.0
Marti Fischrestaurant,Tempelhof,Fish Restaurant,5.3,40.0
TROFEO,Moabit,International Restaurant,5.0,41.0
Osteria I Due,Westend,Italian Restaurant,5.2,86.0
Trattoria Pizzeria  LuNa,Schöneberg,Italian Restaurant,5.4,30.0
1000 Grad,Halensee,Asian Restaurant,5.5,39.0
Osteria Angelini,Steglitz,Italian Restaurant,5.3,170.0
Atlantik Fischrestaurant,Schöneberg,Fish Restaurant,4.8,45.0
Restaurant Paran,Kreuzberg,Korean Restaurant,5.4,25.0
Dieselhaus,Mitte,German Restaurant,4.8,27.0
Tutti Gusti,Westend,International Restaurant,5.2,191.0
Mundo - Tapas Bar - Mitte,Mitte,International Restaurant,4.8,27.0
Restaurant Scheune,Westend,German Restaurant,5.5,382.0
Taverna Dionysos,Kreuzberg,Greek Restaurant,5.2,25.0
Chelany Mitte,Mitte,Indian Restaurant,5.8,20.0
Mokka,Moabit,Mediterranean Restaurant,5.4,27.0
Mr. Hai Shabuki,Wilmersdorf,Sushi,5.0,31.0
Ristorante Capitano,Märkisches Viertel,Italian Restaurant,5.7,48.0
Restaurant Sigiriya,Friedrichshain,Sri Lankan Restaurant,5.4,24.0
Tossakan,Prenzlauer Berg,Thai Restaurant,5.2,24.0
Ho Vang,Mitte,Vietnamese Restaurant,5.5,20.0
Golden Fleece,Mitte,Georgian Restaurant,5.0,19.0
Gaststätte Eierschale,Dahlem,International Restaurant,5.2,69.0
Willis Restaurant,Pankow,Asian Fusion Restaurant,5.9,21.0
Kong Vegan 385,Prenzlauer Berg,Vegan Option,5.9,18.0
Papa Nô Prenzlauer Berg,Prenzlauer Berg,Asian Fusion Restaurant,5.3,21.0
Dong A,Charlottenburg,Asian Restaurant,5.4,25.0
Ki Kuriya Japanese Kitchen,Prenzlauer Berg,Japanese Restaurant,5.3,20.0
Tomasa Friedenau,Friedenau,International Restaurant,5.3,34.0
Porta Nova,Mitte,Italian Restaurant,5.0,21.0
platz doch!,Kreuzberg,International Restaurant,5.9,17.0
La Bigoudène,Prenzlauer Berg,French Restaurant,5.7,17.0
Zen Ku'damm II,Charlottenburg,Asian Restaurant,5.4,25.0
Marubi Ramen Japanische & Shanghai Spezialitäten,Prenzlauer Berg,Asian Restaurant,5.7,16.0
Kuchel-Eck,Wilmersdorf,German Restaurant,5.0,31.0
Shisomen Vegan Ramen & Cocktails,Mitte,Asian Restaurant,5.8,16.0
Barist,Mitte,Italian Restaurant,4.9,18.0
meet me halfway,Mitte,Middle Eastern Restaurant,5.5,17.0
Sarayam,Charlottenburg,Turkish Restaurant,5.8,28.0
Ristorante Cumberland,Charlottenburg,Italian Restaurant,5.1,30.0
Burger World Berlin,Prenzlauer Berg,Burgers,5.4,17.0
Madloba Lounge,Schöneberg,Georgian Restaurant,5.0,25.0
Koi 56,Prenzlauer Berg,Vietnamese Restaurant,5.4,16.0
Ristorante & Vinobar Cali Bocca,Charlottenburg,European Restaurant,5.2,28.0
Rocco und seine Brüder,Kreuzberg,Italian Restaurant,5.5,16.0
Mr. Hai Life,Steglitz,Asian Restaurant,5.5,37.0
Schöneberger Weltlaterne,Schöneberg,German Restaurant,5.5,22.0
Lagalante Ristorante,Schöneberg,Italian Restaurant,5.4,21.0
Frau Luna,Kreuzberg,Spanish Restaurant,5.7,15.0
Trattoria Nardini,Reinickendorf,Italian Restaurant,5.2,33.0
bRICK coffee & breakfast,Neukölln,European Restaurant,5.5,17.0
Ristorante Bocca Felice,Mitte,Italian Restaurant,5.8,12.0
Bellas Café,Mitte,International Restaurant,5.5,13.0
Sadhu - Prenzlauerberg,Prenzlauer Berg,Indian Restaurant,5.7,15.0
Mr. Le,Prenzlauer Berg,Vietnamese Restaurant,5.0,14.0
Mother's Heart Südstern,Kreuzberg,Vietnamese Restaurant,5.7,15.0
26 Shibuya,Prenzlauer Berg,Japanese Restaurant,0.0,12.0
Tomasa Lichterfelde,Lichterfelde,International Restaurant,5.3,314.0
Lorbeer Restaurant,Prenzlauer Berg,German Restaurant,5.3,15.0
Restaurant & Café Hackescher Hof,Mitte,International Restaurant,5.9,10.0
Kebapzade,Schöneberg,Kebab Restaurant,5.0,17.0
Murphy's Irish Pub,Mitte,Irish Restaurant,4.8,14.0
Anna Koschke,Mitte,German Restaurant,5.1,12.0
Oase Cocktailbar Georgenstraße,Mitte,International Restaurant,4.5,15.0
YUNA,Mitte,International Restaurant,5.0,10.0
Buddha Haus,Schöneberg,Thai Restaurant,5.5,19.0
Hoffgarten,Charlottenburg,German Restaurant,5.7,26.0
Izumi Sushi,Mitte,Japanese Restaurant,4.8,12.0
A-Petit,Prenzlauer Berg,International Restaurant,5.2,12.0
Mon Vegetarian Eatery & Bar,Kreuzberg,Asian Restaurant,5.5,10.0
Landhaus Tomasa restaurant,Reinickendorf,European Restaurant,5.3,216.0
Mr. Hai Noon,Charlottenburg,Asian Restaurant,5.4,21.0
Mr Chai-Wala,Charlottenburg,Indian Restaurant,4.9,26.0
LunchTime,Mitte,Italian Restaurant,5.4,7.0
Lê Lê,Mitte,Asian Restaurant,5.3,8.0
Oase Deluxe Cocktailbar Karl - Liebknecht-Straße,Mitte,Drinks,4.0,8.0
Karabach,Neukölln,Arabic Restaurant,5.1,19.0
Beef Grill Club  by Hasir - Mitte,Mitte,International Restaurant,5.3,9.0
Gotcha Restaurant,Friedrichshain,Asian Fusion Restaurant,5.2,13.0
Kiraku,Mitte,Japanese Restaurant,5.5,4.0
The Fiuty-The future is up to you,Mitte,Asian Fusion Restaurant,5.0,7.0
Hasir Ocakbasi,Kreuzberg,Turkish Restaurant,5.1,9.0
Mondial Terrassen,Mitte,International Restaurant,5.7,3.0
Flamingo Fresh Food Bar,Mitte,European Restaurant,5.5,6.0
Unser Cafe,Prenzlauer Berg,European Restaurant,5.0,14.0
Indian Village Indian Restaurant Berlin,Mitte,Indian Restaurant,5.3,3.0
Edelweiss Weihnachtszelt am Bebelplatz,Mitte,Italian Restaurant,0.0,3.0
BAVARIA Berlin,Mitte,German Restaurant,5.4,7.0
Restaurant Hasir (Kreuzberg),Kreuzberg,Turkish Restaurant,5.3,8.0
Cent Anni,Mitte,German Restaurant,0.0,1.0
Lalibela taste of Ethiopia,Kreuzberg,Ethiopian Restaurant,5.0,10.0
OLLA Grill & Orient Lounge,Mitte,Arabic Restaurant,4.7,3.0
Jabe Dine & Bar,Mitte,Japanese Restaurant,4.4,5.0
Cafe Camaleon,Mitte,International Restaurant,0.0,1.0
Kilkenny Irish Pub,Mitte,International Restaurant,5.0,1.0
Café Hardenberg,Charlottenburg,European Restaurant,5.3,20.0
Seven Coffee Stay Green,Mitte,International Restaurant,0.0,1.0
Joy Restaurant & Lounge,Mitte,Asian Restaurant,5.7,3.0
ama Café,Mitte,International Restaurant,0.0,4.0
Dump Ling,Mitte,Chinese Restaurant,5.0,1.0
Chaomin Congee Restaurant,Prenzlauer Berg,Asian Fusion Restaurant,5.2,6.0
Chay Long,Prenzlauer Berg,Asian Restaurant,5.4,9.0
Nhat-Nguyet Quan,Prenzlauer Berg,Vietnamese Restaurant,5.4,7.0
HOONGY,Mitte,Asian Restaurant,5.0,6.0
NamPan Restaurant,Mitte,Asian Restaurant,5.0,3.0
LAPHO,Mitte,Asian Restaurant,,
Restaurant Hasir (Wilmersdorf),Wilmersdorf,Turkish Restaurant,5.5,17.0
Haicoffee Sushi&AsianFood,Tiergarten,Asian Restaurant,3.0,1.0
Kan'Koa,Mitte,Asian Restaurant,,
Café Bar Pirouette,Prenzlauer Berg,International Restaurant,0.0,1.0
Seven Spices Indian Cuisine,Friedrichshain,Indian Restaurant,5.4,9.0
MS Marone,Prenzlauer Berg,German Restaurant,0.0,3.0
Simela Mitte,Mitte,Mediterranean Restaurant,,
Bricks Berlin,Mitte,International Restaurant,,
Viet Ha,Friedrichshain,Vietnamese Restaurant,0.0,2.0
Dirty Rose - EAT.DRINK.REPEAT.,Mitte,Spanish Restaurant,,
Bistro Ribelle,Mitte,International Restaurant,4.7,3.0
Miami Asia Cuisine & Sushi Bar,Mitte,Asian Restaurant,5.0,1.0
Nguyen Kitchen,Mitte,Asian Restaurant,5.0,7.0
Levante Bistro,Mitte,Lebanese Restaurant,,
Xigon,Friedrichshain,Asian Restaurant,5.1,9.0
Viti Restaurant,Mitte,Asian Restaurant,0.0,2.0
La Ola Berlin,Prenzlauer Berg,Mexican Restaurant,,
Yeni Adana Grillhaus,Kreuzberg,Turkish Restaurant,5.8,6.0
Ständige Weihnachtsvertretung,Mitte,German Restaurant,,
Chicago Williams BBQ,Charlottenburg,American Restaurant,5.5,16.0
Atumi,Mitte,Asian Restaurant,0.0,1.0
Cafe Nook,Prenzlauer Berg,International Restaurant,5.2,5.0
Yakoolza,Mitte,Japanese Restaurant,5.0,2.0
Suriya Kanthi,Prenzlauer Berg,Sri Lankan Restaurant,0.0,1.0
AROY Restaurant,Mitte,Asian Restaurant,5.7,3.0
TAT Restaurant,Friedrichshain,Vietnamese Restaurant,0.0,9.0
Escendo (Gleimstraße),Prenzlauer Berg,Italian Restaurant,5.4,9.0
Hatay Ocakbasi - Restaurant - Berlin,Kreuzberg,Turkish Restaurant,,
Karaca,Mitte,Cake & Coffee,5.5,4.0
Saravanaa Bhavan,Tiergarten,Indian Restaurant,4.7,6.0
Vietime Asian Fusion,Mitte,Asian Restaurant,,
Trattoria Marechiaro Cucina Italiana,Kreuzberg,Italian Restaurant,5.0,4.0
Bun Sushi & Bar,Mitte,Asian Restaurant,4.8,4.0
Café GUTH,Prenzlauer Berg,International Restaurant,,
Café MadaMe,Kreuzberg,German Restaurant,5.7,3.0
Famoso Pizzeria,Prenzlauer Berg,Italian Restaurant,,
Filiz Kitchen & Catering,Kreuzberg,Turkish Restaurant,,
Rou Vegan,Mitte,Asian Restaurant,,
NoiDue Café-Restaurant,Prenzlauer Berg,Italian Restaurant,5.0,1.0
Shibu Vegan,Prenzlauer Berg,Japanese Restaurant,,
Öz Adana Grillhaus,Kreuzberg,Turkish Restaurant,0.0,2.0
Trattoria Fidelia,Tiergarten,Italian Restaurant,5.3,10.0
Ebe Ano,Wilmersdorf,African Restaurant,5.4,17.0
Glory Duck Restaurant,Friedrichshain,Asian Restaurant,5.5,12.0
Vietnam Village,Prenzlauer Berg,Vietnamese Restaurant,,
Trattoria Sarda,Prenzlauer Berg,Italian Restaurant,5.9,8.0
Adana Grillhaus,Kreuzberg,Turkish Restaurant,5.0,3.0
Alata Ramen,Mitte,Japanese Restaurant,,
SushiMoto,Prenzlauer Berg,Sushi,,
Weinverein Rote Insel,Schöneberg,French Restaurant,5.4,16.0
Jeta ime Restaurant,Friedrichshain,Seafood Restaurant,0.0,3.0
Juki - Korean BBQ,Prenzlauer Berg,Korean Restaurant,5.7,3.0
Kuzo Restaurant,Prenzlauer Berg,Vietnamese Restaurant,,
Babaleison,Kreuzberg,Turkish Restaurant,,
Pinoy,Charlottenburg,Asian Restaurant,5.1,29.0
Ahorn Restaurant,Prenzlauer Berg,Vietnamese Restaurant,,
Trattoria Bar Lambretta,Friedrichshain,Italian Restaurant,5.5,8.0
Restaurant Mardin Berlin,Kreuzberg,Turkish Restaurant,5.0,10.0
Nguyen & Friends,Kreuzberg,Asian Fusion Restaurant,5.7,3.0
Potemkin Restaurant,Schöneberg,Russian Restaurant,5.5,15.0
Little Long - Japanese Modern & Fusion Cuisine,Kreuzberg,Asian Restaurant,5.7,3.0
Tasty Cuisine,Wilmersdorf,Asian Fusion Restaurant,5.4,18.0
Street Restaurant - Asian Grill,Prenzlauer Berg,Asian Restaurant,,
MadMeals,Prenzlauer Berg,Mexican Restaurant,,
Rembrandt Burger,Friedrichshain,Burgers,5.5,2.0
Weilands,Mitte,Israeli Restaurant,4.0,5.0
Freshdays,Kreuzberg,Vietnamese Restaurant,,
Nymami,Prenzlauer Berg,Vietnamese Restaurant,,
Sala7,Kreuzberg,Italian Restaurant,5.3,3.0
Vedang - Plant Burger,Prenzlauer Berg,International Restaurant,1.0,1.0
Loggia Restaurant Pizzeria,Schöneberg,Italian Restaurant,5.3,14.0
Pfau Restaurant & Bar,Kreuzberg,International Restaurant,,
GLASWEISE,Kreuzberg,Eat & Drink,0.0,6.0
Lalibela,Neukölln,Ethiopian Restaurant,5.3,14.0
Fancy Lemon - Pizza Napoletana,Prenzlauer Berg,Italian Restaurant,5.5,2.0
Batho Restaurant,Friedrichshain,Asian Fusion Restaurant,0.0,7.0
Waterlily,Friedrichshain,Vietnamese Restaurant,,
Gasthaus Figl,Kreuzberg,Italian Restaurant,5.5,6.0
Cafe Bar Moloko,Prenzlauer Berg,International Restaurant,4.3,6.0
Trattoria Leo e pepe,Kreuzberg,Italian Restaurant,0.0,3.0
Aleppo Supper Club Restaurant,Friedrichshain,Syrian Restaurant,5.4,9.0
Ông Chu,Kreuzberg,Vietnamese Restaurant,,
Huong Quê Restaurant Kreuzberg,Kreuzberg,Asian Restaurant,,
Sorella,Kreuzberg,Neapolitan Restaurant,,
"Lalibela Restaurant- Taste of Ethiopia, Maybachufer",Neukölln,Ethiopian Restaurant,4.5,2.0
Chay Long Hasenheide,Kreuzberg,Asian Restaurant,5.3,6.0
Nam Long,Kreuzberg,Vietnamese Restaurant,5.7,3.0
Kissho Sushi and more,Kreuzberg,Japanese Restaurant,,
Sora - Café & Wohnaccessoires,Kreuzberg,Eat & Drink,0.0,1.0
Sonkei Restaurant,Kreuzberg,Asian Restaurant,0.0,1.0
Reichen Burger,Kreuzberg,Burgers,,
Unser Café 2,Schöneberg,Portuguese Restaurant,5.9,12.0
Golden Tiger,Prenzlauer Berg,Asian Restaurant,,
Kai Maison,Neukölln,Asian Restaurant,5.3,4.0
Meyman Pizzeria,Friedrichshain,Italian Restaurant,5.7,3.0
MedEATerranean TRIP,Friedrichshain,Mediterranean Restaurant,5.8,6.0
Ja Niko Ja,Mitte,Greek Restaurant,5.3,12.0
Mido Sakura Vegan,Prenzlauer Berg,Asian Restaurant,,
Restaurant Hasenheide,Kreuzberg,German Restaurant,5.1,7.0
CANTUCCIO Ristorante,Kreuzberg,Italian Restaurant,,
Maison Rahel,Kreuzberg,Mediterranean Restaurant,0.0,1.0
Ristorante Don Giovanni,Moabit,Italian Restaurant,5.0,5.0
Batu Pattaya Restaurant,Prenzlauer Berg,Asian Restaurant,5.5,2.0
Vina Haus Restaurant,Prenzlauer Berg,Vietnamese Restaurant,,
MANNA Café,Prenzlauer Berg,International Restaurant,,
Saigon Dragon Restaurant,Friedrichshain,Vietnamese Restaurant,5.5,2.0
AnCom Kitchen,Kreuzberg,Vietnamese Restaurant,0.0,1.0
Beef Grill Club by Hasir - Wilmersdorf,Wilmersdorf,Steak Restaurant,5.0,21.0
Lang Xua Restaurant,Friedrichshain,Vietnamese Restaurant,0.0,1.0
Viet Nam & Sushi Bar F-Hain,Friedrichshain,Asian Restaurant,,
Cafe Drei Elefanten,Neukölln,Ukranian Restaurant,5.5,11.0
My Tibet Haus,Friedrichshain,Indian Restaurant,5.5,6.0
Fabbrica del Gusto,Prenzlauer Berg,Italian Restaurant,5.0,1.0
Tor Eins,Kreuzberg,International Restaurant,5.3,3.0
Les Climats,Tiergarten,French Restaurant,5.1,7.0
XUDU,Kreuzberg,Asian Restaurant,,
Agatha Hopfen,Friedrichshain,International Restaurant,,
Coronita Mexicana,Prenzlauer Berg,Mexican Restaurant,,
Yo Pho,Kreuzberg,Asian Restaurant,3.0,1.0
Brocca Café - The healthy Co.,Prenzlauer Berg,International Restaurant,,
Mayfair Garden,Friedrichshain,German Restaurant,5.3,4.0
Kane Mam,Friedrichshain,Greek Restaurant,5.9,8.0
Restaurant Neumann's,Moabit,International Restaurant,4.0,4.0
Emira Berlin Vegan Sushi Restaurant,Prenzlauer Berg,Japanese Restaurant,,
Weinverein Am Berg,Kreuzberg,French Restaurant,5.0,6.0
En Elladi - Griechische Taverna,Prenzlauer Berg,Greek Restaurant,,
NGON21,Friedrichshain,Vietnamese Restaurant,,
Schwiliko,Kreuzberg,Georgian Restaurant,,
IL PIZZAIOLO,Kreuzberg,Neapolitan Restaurant,,
REDSDeli,Kreuzberg,Mediterranean Restaurant,5.8,5.0
Kashmir,Friedrichshain,Indian Restaurant,,
Two Friends Friedrichshain,Friedrichshain,Burgers,,
Fjord by Munch's Hus,Schöneberg,Nordic Restaurant,5.0,14.0
QB Vegan,Neukölln,Vietnamese Restaurant,5.0,3.0
Cargo Gastronomia,Friedrichshain,International Restaurant,5.2,5.0
NemNem Restaurant,Pankow,Asian Restaurant,5.3,3.0
Kramer Restaurant,Neukölln,Mediterranean Restaurant,,
Prenzl Burger,Prenzlauer Berg,Burgers,,
Persepolis,Schöneberg,Persian Restaurant,5.0,8.0
Seasons,Mitte,Vietnamese Restaurant,,
90's Vietnamese Tapas & Sushi,Friedrichshain,Vietnamese Restaurant,5.4,5.0
MithoCha! Neukölln,Neukölln,Nepalese Restaurant,4.0,2.0
Café Brunchella,Friedrichshain,International Restaurant,,
La Stazione,Friedrichshain,Italian Restaurant,5.0,4.0
Swadishta,Mitte,Indian Restaurant,4.0,2.0
Three dudes next door,Neukölln,Burgers,0.0,1.0
MIO-1989,Friedrichshain,Vietnamese Restaurant,,
Dada Indisches Restaurant & Cocktailbar,Friedrichshain,Indian Restaurant,5.3,3.0
Migo Marokkanische Küche,Neukölln,Moroccan Restaurant,5.8,6.0
Neffes,Schöneberg,International Restaurant,,
Abonim,Prenzlauer Berg,Asian Restaurant,4.0,3.0
FreiFläche Bistro,Schöneberg,International Restaurant,,
Tabar Bar,Moabit,Greek Restaurant,,
Mai Kudamm,Charlottenburg,Vietnamese Restaurant,5.0,13.0
BAR BAUTROCKNER,Friedrichshain,Drinks,,
La Bandida,Weißensee,Argentinian Restaurant,5.4,5.0
Restaurant Hasir (Schöneberg),Schöneberg,Turkish Restaurant,4.8,6.0
Bami 789 Thai food and drinks,Friedrichshain,Thai Restaurant,5.5,2.0
Lovely Sushi,Lichtenberg,Sushi,5.7,6.0
Masaya Restaurant,Schöneberg,Middle Eastern Restaurant,4.0,3.0
Keyfi Sefa by THE MEAT,Tiergarten,Turkish Restaurant,5.8,5.0
Diamond Lounge,Tempelhof,Drinks,5.0,22.0
El Colmado (Kudamm),Charlottenburg,Spanish Restaurant,5.2,13.0
Sljiva,Moabit,Mediterranean Restaurant,5.5,8.0
Rosé Restaurant & Café,Schöneberg,International Restaurant,5.0,1.0
Restaurant Pamfilya,Wedding,Turkish Restaurant,5.2,6.0
Restaurant Miteinander,Friedenau,German Restaurant,5.2,23.0
Papa Nô Friedrichshain,Friedrichshain,Asian Restaurant,,
El Pasto Restaurant,Pankow,Mexican Restaurant,5.3,7.0
Restaurant Luck,Friedrichshain,Indian Restaurant,5.0,1.0
Beef Grill Club by Hasir im KaDeWe,Schöneberg,International Restaurant,5.1,8.0
Bajra - Nepalesisches Restaurant,Friedrichshain,Nepalese Restaurant,,
Restaurant Schäfer,Wedding,International Restaurant,5.8,6.0
Brezel Berlin Café und mehr,Schöneberg,International Restaurant,0.0,1.0
Umi Vegan,Schöneberg,Vegan Option,5.5,4.0
MOA EAT & MOA BAR,Moabit,International Restaurant,4.3,3.0
Golden Rice 2,Schöneberg,Asian Restaurant,5.7,3.0
Lalibela taste of Ethiopia,Wedding,Ethiopian Restaurant,5.7,6.0
Markthallen Bar,Moabit,Mediterranean Restaurant,5.8,4.0
Pêle Mêle,Neukölln,Cake & Coffee,5.8,5.0
Weyers,Charlottenburg,International Restaurant,5.5,14.0
Neva Restaurant,Schöneberg,Mediterranean Restaurant,,
One and Only,Schöneberg,Asian Restaurant,,
Kollektiv Kitchen,Kreuzberg,Fusion Restaurant,,
Cafe Daddy,Schöneberg,International Restaurant,0.0,2.0
Enzo's,Charlottenburg,Mediterranean Restaurant,4.8,4.0
Ambiance Shisha Restaurant,Schöneberg,International Restaurant,,
Hummus Studio,Schöneberg,Israeli Restaurant,,
ProMo Restaurant,Moabit,Mediterranean Restaurant,4.0,5.0
Anomi Restaurant,Friedrichshain,Asian Restaurant,5.0,5.0
Hol! Cow - Pakistan Street Food,Neukölln,Pakistani Restaurant,0.0,1.0
Ha-Anh,Schöneberg,Vietnamese Restaurant,3.0,1.0
MOIM,Charlottenburg,Asian Restaurant,5.4,22.0
Trattoria Gino,Schöneberg,European Restaurant,3.0,2.0
Hanoi,Charlottenburg,Vietnamese Restaurant,5.2,10.0
Anappurna Ku'damm,Charlottenburg,Indian Restaurant,5.7,3.0
Asia Deli,Wedding,Chinese Restaurant,5.0,4.0
Event Restaurant Vorwerck,Neukölln,International Restaurant,,
Ristorante La Cantina Bleibtreustraße,Charlottenburg,Italian Restaurant,5.3,13.0
Kaiju Restaurant,Schöneberg,Asian Restaurant,,
Indisches Restaurant Sarkar,Schöneberg,Indian Restaurant,0.0,2.0
Momenti Di Vini Salumeria & Enoteca,Pankow,Italian Restaurant,5.0,5.0
Skal by Munch's Hus,Charlottenburg,Scandinavian Restaurant,5.5,15.0
Bleib V,Wilmersdorf,Vegetarian Option,5.0,1.0
Café ILOstan,Schöneberg,Contemporary Restaurant,5.1,10.0
Byblos Restaurant Berlin,Schöneberg,Arabic Restaurant,5.2,5.0
Bamboo Bowl,Lichtenberg,Asian Restaurant,,
Restaurant R23,Schöneberg,International Restaurant,4.5,2.0
Restaurant MasliNovo,Schöneberg,Greek Restaurant,5.5,2.0
"Lily Burger ""Beef & Vegan Grill-Club“",Charlottenburg,Steak Restaurant,5.3,4.0
THE DOOR - BOUTIQUE CLUB,Charlottenburg,International Restaurant,,
Viet Rice,Schöneberg,Vietnamese Restaurant,,
Boujee Berlin,Wilmersdorf,International Restaurant,5.0,12.0
Lovely Sushi & More,Charlottenburg,Sushi,,
Shiso Burger,Charlottenburg,Asian Restaurant,5.4,13.0
Lily Hookah-Club,Charlottenburg,International Restaurant,,
"Lily Breakfast-Club ""Beef & Vegan Brunch“",Charlottenburg,American Restaurant,2.5,2.0
Trattoria Café Tatou,Charlottenburg,Italian Restaurant,,
Da Lionello,Pankow,Italian Restaurant,0.0,1.0
Gainsbourg Le Club - Bar Americain,Charlottenburg,International Restaurant,0.0,1.0
Casa Di Maria,Wilmersdorf,Italian Restaurant,5.4,7.0
Trung Van Restaurant,Weißensee,Vietnamese Restaurant,,
June Wine Bar,Charlottenburg,International Restaurant,5.5,4.0
Parc fermé,Moabit,International Restaurant,5.0,8.0
Bambusstäbchen,Tempelhof,Asian Restaurant,0.0,2.0
Trattoria Da Luca,Charlottenburg,Italian Restaurant,,
KITARO,Charlottenburg,Asian Restaurant,5.0,5.0
Simela Charlottenburg,Charlottenburg,Mediterranean Restaurant,,
Pho Nguyen 68,Charlottenburg,Vietnamese Restaurant,5.3,3.0
Churrolade,Reinickendorf,Cake & Coffee,3.0,1.0
Nam Thuân,Charlottenburg,Vietnamese Restaurant,,
Bao Nhung 1993 Restaurant,Charlottenburg,Asian Restaurant,5.5,4.0
Sagano,Charlottenburg,Sushi,5.1,11.0
Noosh Restaurant Berlin,Charlottenburg,Middle Eastern Restaurant,,
Marooush Smokers Lounge,Charlottenburg,Arabic Restaurant,0.0,1.0
Ristorante ROMA,Wilmersdorf,Roman Restaurant,5.3,12.0
Pascarella,Charlottenburg,Italian Restaurant,4.3,3.0
All About Café - West Berlin,Charlottenburg,International Restaurant,,
Sake Sushi Bar,Charlottenburg,Japanese Restaurant,5.5,4.0
Da Luca,Wilmersdorf,Italian Restaurant,3.0,1.0
Ristorante Botticelli,Wilmersdorf,Italian Restaurant,0.0,1.0
Sing-Le,Charlottenburg,Asian Restaurant,,
PP Premium »finest mediterranean taste«,Charlottenburg,Mediterranean Restaurant,0.0,1.0
Cozy Asian Kitchen & Sushi,Wilmersdorf,Asian Restaurant,,
Bao An,Wilmersdorf,Asian Restaurant,,
Ristorante Da Toni,Wilmersdorf,Italian Restaurant,,
Ristorante Paulo Scutarro,Charlottenburg,Italian Restaurant,1.0,1.0
Labra Burger,Lichtenberg,Burgers,,
Kaffee Karamell,Charlottenburg,International Restaurant,4.8,12.0
Milch & Soda,Charlottenburg,Drinks,0.0,7.0
Fit & Green by Adriana,Charlottenburg,International Restaurant,5.3,3.0
Haruko asiafusion & sushi,Friedenau,Asian Restaurant,0.0,1.0
Minakami,Charlottenburg,Japanese Restaurant,0.0,1.0
Batumi,Wilmersdorf,Georgian Restaurant,5.0,3.0
La Batea,Charlottenburg,South American Restaurant,5.3,3.0
the BurgerBar,Tempelhof,American Restaurant,5.0,10.0
Burgers Berlin,Charlottenburg,Burgers,,
Ristorante Pizzeria Barolo,Friedenau,Italian Restaurant,5.9,8.0
Trattoria Da Pizzo,Tempelhof,Italian Restaurant,4.9,9.0
Trattoria Ischia,Halensee,Italian Restaurant,5.0,8.0
Café Friedrichs,Charlottenburg,Cake & Coffee,0.0,1.0
Mille Gusti,Wilmersdorf,Italian Restaurant,,
Hektor Restaurant Wein Bar,Charlottenburg,Mediterranean Restaurant,0.0,10.0
Restaurant India Palace,Friedenau,Indian Restaurant,4.5,2.0
Ristorante San Giorgio,Charlottenburg,Italian Restaurant,0.0,3.0
Restaurant Amida,Friedenau,German Restaurant,5.5,8.0
Steakhouse Giovanni 1987,Friedrichsfelde,Steak Restaurant,5.0,8.0
Three Dudes of Next Door Steglitz,Steglitz,Burgers,,
Tomasa Zehlendorf,Zehlendorf,International Restaurant,5.3,70.0
Bonni Fine Sushi & Asian Cuisine,Schöneberg,Asian Restaurant,0.0,1.0
Gasthaus Kater Alex,Charlottenburg,German Restaurant,5.5,2.0
Ziko's Grill,Charlottenburg,German Restaurant,3.0,1.0
Ristorante Bianco,Charlottenburg,Italian Restaurant,,
Feurichs,Malchow,German Restaurant,5.0,13.0
963,Charlottenburg,Arabic Restaurant,3.0,2.0
Black Burger,Charlottenburg,American Restaurant,,
008 Look & Feel Grill,Steglitz,Asian Restaurant,5.4,10.0
Vareladiko Griechische Taverne,Charlottenburg,Greek Restaurant,5.7,3.0
Thakali Haus,Charlottenburg,Asian Restaurant,0.0,3.0
Sushi for life,Charlottenburg,Asian Restaurant,,
Sen Vegan,Charlottenburg,Asian Restaurant,0.0,4.0
Cookie Doughi,Charlottenburg,International Restaurant,0.0,1.0
Fratelli da Giovanni Quattro,Lichtenberg,Italian Restaurant,,
Sumi,Halensee,Vietnamese Restaurant,4.0,5.0
Ristorante Tagesbar,Dahlem,Italian Restaurant,5.0,16.0
DuftReis,Charlottenburg,Asian Restaurant,5.7,3.0
Il Castello Schloss Charlottenburg,Charlottenburg,Italian Restaurant,,
Machiavelli am Roseneck,Dahlem,Italian Restaurant,5.3,22.0
KARMA Restaurant Berlin,Neukölln,Indian Restaurant,5.0,1.0
Giovanni Cinque,Friedrichsfelde,Italian Restaurant,,
Eiffel,Charlottenburg,European Restaurant,5.5,2.0
Split Mariendorf,Mariendorf,Croatian Restaurant,0.0,1.0
Kadena,Friedenau,European Restaurant,5.0,1.0
Steakhaus Barbecue,Mahlsdorf,Argentinian Restaurant,5.4,72.0
Cantina Siciliana,Charlottenburg,Italian Restaurant,4.5,2.0
Raymons - Das Fischrestaurant,Spandau,Fish Restaurant,5.1,69.0
Sushi Yoshi,Halensee,Asian Restaurant,,
Papa Thai,Charlottenburg,Asian Restaurant,5.9,7.0
Restaurant Balkan Grillhaus,Tempelhof,European Restaurant,,
Späth´s Das Gasthaus,Baumschulenweg,German Restaurant,5.0,1.0
Restaurant & Cocktailbar Paella,Charlottenburg,Mexican Restaurant,5.0,1.0
La Rose Ristorante,Charlottenburg,Italian Restaurant,,
Dosa King Indisches Restaurant,Steglitz,International Restaurant,,
Hubertha 2,Reinickendorf,Asian Fusion Restaurant,,
Wiener Conditorei Caffeehaus Am Steubenplatz,Charlottenburg,Cake & Coffee,5.4,17.0
Streetfood Burgerhouse,Mariendorf,Burgers,,
Mundo Mariendorf,Mariendorf,Spanish Restaurant,,
Restaurant Le Canard,Steglitz,French Restaurant,5.7,6.0
Il Porto,Charlottenburg,Italian Restaurant,5.2,36.0
Chao She,Steglitz,Chinese Restaurant,,
Taverna Orakel,Wittenau,Greek Restaurant,5.8,4.0
Viet koch BBQ,Dahlem,Vietnamese Restaurant,,
Bei Maria,Steglitz,European Restaurant,5.7,3.0
Ristorante Matera,Steglitz,Italian Restaurant,0.0,2.0
Wiener Conditorei & Caffeehaus Am Roseneck,Wilmersdorf,Cake & Coffee,5.4,5.0
Restaurant  Rasas,Charlottenburg,Indian Restaurant,,
STEAK HOUSE RANCHERO,Reinickendorf,Steak Restaurant,5.5,2.0
Wiener Conditorei Caffeehaus am Hagenplatz,Grunewald,Cake & Coffee,5.9,8.0
Beyoglu Restaurant,Wittenau,Turkish Restaurant,,
SAHATOKY Restaurant,Mitte,Asian Restaurant,,
Bathura Indisches Restaurant,Steglitz,Indian Restaurant,0.0,1.0
Perlenmühle Café & Bäckerei,Reinickendorf,Cake & Coffee,,
Elvan Grillhaus,Buckow,Turkish Restaurant,,
Ristorante Don Giuseppe,Tegel,Italian Restaurant,5.4,14.0
Charlotte,Spandau,International Restaurant,5.4,32.0
Boccadoro-cucina italiana,Lichterfelde,Italian Restaurant,5.5,13.0
Khoi Viet BBQ,Steglitz,Asian Restaurant,5.0,1.0
Restaurant Macedonia,Lichterfelde,European Restaurant,,
Il Bene,Rudow,Italian Restaurant,,
Kaffeehaus Karow,Karow,Cake & Coffee,,
Nokta Grillhaus,Kreuzberg,International Restaurant,,
Meet Saigon,Adlershof,Vietnamese Restaurant,5.4,20.0
L'Annam,Köpenick,Vietnamese Restaurant,5.2,114.0
Bombay,Tegel,Indian Restaurant,0.0,1.0
Dalmacija Restaurant,Marienfelde,Croatian Restaurant,5.7,10.0
Wiener Conditorei Caffeehaus In Dahlem,Dahlem,Cake & Coffee,4.3,3.0
shō ga nai Sushi Bar,Adlershof,Sushi,0.0,2.0
Olivo,Adlershof,Italian Restaurant,4.3,4.0
Griechisches Restaurant Athen,Bernau,European Restaurant,5.7,12.0
Havel Pizza,Spandau,Pizza,0.0,1.0
Restaurant Hasir (Spandau),Spandau,Turkish Restaurant,5.4,14.0
Dal Vino,Hellersdorf,Italian Restaurant,5.0,7.0
Moi Sunrise,Kreuzberg,Asian Restaurant,,
Ristorante Il Nuovo Cristallo,Zehlendorf,Italian Restaurant,5.9,14.0
Restaurant Roti,Spandau,Indian Restaurant,,
Restaurant Si,Steglitz,Fusion Restaurant,,
Villa Kulinaria,Lichtenrade,German Restaurant,,
Kö Reloaded,Spandau,European Restaurant,4.5,4.0
Boraz,Spandau,Pizza,,
Adam-Restaurant Müllerstraße,Wedding,Syrian Restaurant,,
Vietnam Town Sushi Bar - Restaurant,Lichtenrade,Sushi,,
Landhaus Hubertus,Frohnau,German Restaurant,5.3,34.0
Don Giovanni am Yachthafen,Köpenick,Italian Restaurant,,
Goldhorn Beefclub,Spandau,Steak Restaurant,5.3,20.0
Kajüte am See,Gatow,German Restaurant,1.5,2.0
Enoteca Paradiso,Steglitz,Italian Restaurant,,
Restaurant Petit-vietnamesisches Restaurant,Wannsee,Asian Fusion Restaurant,5.3,25.0
Wirtshaus zur Pfaueninsel,Wannsee,German Restaurant,3.7,3.0
Taj Mahal House Rahnsdorf,Rahnsdorf,Indian Restaurant,,
Casalot Restaurant,Mitte,Arabic Restaurant,5.5,152.0
Rausch Schokoladen-Café,Mitte,German Restaurant,5.5,71.0
Restaurant Fleischerei,Prenzlauer Berg,German Restaurant,5.2,789.0
La Cantine d'Augusta,Schöneberg,French Restaurant,5.8,57.0
BlackBull Grillhouse,Kreuzberg,Steak Restaurant,5.3,19.0
Deck5 - Die Rooftop-Strandbar,Prenzlauer Berg,International Restaurant,5.1,22.0
Shi-Mai,Mitte,Asian Restaurant,5.2,11.0
Mamay,Prenzlauer Berg,Vietnamese Restaurant,5.5,13.0
Love at first bite - Cafe & Breakfast,Prenzlauer Berg,Cake & Coffee,5.4,5.0
LVL World of Gaming - Berlin,Mitte,International Restaurant,5.0,1.0
Charme Thai Bistro Cafe,Prenzlauer Berg,Asian Restaurant,5.3,7.0
Donath,Prenzlauer Berg,Italian Restaurant,,
ABC Allans Breakfast Club,Prenzlauer Berg,Australian Restaurant,5.0,1.0
Ryu,Friedrichshain,Asian Fusion Restaurant,5.7,9.0
Planet Bowl,Kreuzberg,Asian Restaurant,,
KOISEN,Kreuzberg,Asian Restaurant,,
Kongfu Chili,Prenzlauer Berg,Chinese Restaurant,,
Cassiopeia Sommergarten,Friedrichshain,International Restaurant,5.3,3.0
Munch's Hus,Schöneberg,Nordic Restaurant,,
Restaurant OM,Moabit,Indian Restaurant,,
Promenaden Eck,Neukölln,Drinks,,
Vincent Burger,Charlottenburg,Burgers,5.5,14.0
Prestige Wein & Tapas,Charlottenburg,Spanish Restaurant,5.8,5.0
THE SMOKEHOUSE BARBEQUE,Lichtenberg,American Restaurant,,
Sagar,Wilmersdorf,Indian Restaurant,,
12seasons,Charlottenburg,European Restaurant,0.0,1.0
MQ Californian Casual Dining,Charlottenburg,International Restaurant,4.5,4.0
Cafe Schloss Friedrichsfelde im Tierpark Berlin,Friedrichsfelde,German Restaurant,5.0,1.0
FineFood,Schöneberg,International Restaurant,,
MARA CARBO - Steakhouse & BBQ Ranch,Gatow,Steak Restaurant,5.4,13.0
Café Monet,Spandau,Cake & Coffee,,
